{
  "model": "llava-hf/llava-1.5-7b-hf",
  "num_samples_per_type": 100,
  "pope_yesno": {
    "by_layer_text2vis": {
      "0": 0.83755,
      "1": 0.55157,
      "2": 0.86735,
      "3": 0.93237,
      "4": 0.88554,
      "5": 0.86789,
      "6": 0.88618,
      "7": 0.87788,
      "8": 0.85243,
      "9": 0.83301,
      "10": 0.83249,
      "11": 0.84446,
      "12": 0.84594,
      "13": 0.83893,
      "14": 0.8357,
      "15": 0.82861,
      "16": 0.84097,
      "17": 0.88349,
      "18": 0.88772,
      "19": 0.88726,
      "20": 0.92196,
      "21": 0.93273,
      "22": 0.92502,
      "23": 0.92421,
      "24": 0.91408,
      "25": 0.94199,
      "26": 0.90482,
      "27": 0.90869,
      "28": 0.92208,
      "29": 0.90438,
      "30": 0.90369,
      "31": 0.80794
    },
    "count": 100
  },
  "mmstar_mcq": {
    "by_layer_text2vis": {
      "0": 0.76962,
      "1": 0.45571,
      "2": 0.852,
      "3": 0.91371,
      "4": 0.87352,
      "5": 0.83991,
      "6": 0.84317,
      "7": 0.85705,
      "8": 0.79979,
      "9": 0.79037,
      "10": 0.74937,
      "11": 0.7865,
      "12": 0.78102,
      "13": 0.74852,
      "14": 0.75027,
      "15": 0.75278,
      "16": 0.74838,
      "17": 0.84959,
      "18": 0.83115,
      "19": 0.86398,
      "20": 0.87915,
      "21": 0.91839,
      "22": 0.89507,
      "23": 0.9133,
      "24": 0.90334,
      "25": 0.92705,
      "26": 0.86925,
      "27": 0.89303,
      "28": 0.88945,
      "29": 0.86716,
      "30": 0.89713,
      "31": 0.76393
    },
    "count": 100
  },
  "open_caption": {
    "by_layer_text2vis": {
      "0": 0.88645,
      "1": 0.64875,
      "2": 0.87197,
      "3": 0.9524,
      "4": 0.91299,
      "5": 0.89489,
      "6": 0.90534,
      "7": 0.91148,
      "8": 0.88058,
      "9": 0.88189,
      "10": 0.87811,
      "11": 0.89476,
      "12": 0.91864,
      "13": 0.89581,
      "14": 0.89133,
      "15": 0.86579,
      "16": 0.89217,
      "17": 0.90999,
      "18": 0.91834,
      "19": 0.91805,
      "20": 0.93522,
      "21": 0.94615,
      "22": 0.94308,
      "23": 0.93061,
      "24": 0.90595,
      "25": 0.94406,
      "26": 0.92937,
      "27": 0.90763,
      "28": 0.92785,
      "29": 0.91822,
      "30": 0.91106,
      "31": 0.81443
    },
    "count": 100
  }
}